-- phpMyAdmin SQL Dump
-- version 5.1.1
-- https://www.phpmyadmin.net/
--
-- Host: 127.0.0.1
-- Generation Time: Mar 05, 2023 at 12:33 AM
-- Server version: 10.4.20-MariaDB
-- PHP Version: 8.0.8

SET SQL_MODE = "NO_AUTO_VALUE_ON_ZERO";
START TRANSACTION;
SET time_zone = "+00:00";


/*!40101 SET @OLD_CHARACTER_SET_CLIENT=@@CHARACTER_SET_CLIENT */;
/*!40101 SET @OLD_CHARACTER_SET_RESULTS=@@CHARACTER_SET_RESULTS */;
/*!40101 SET @OLD_COLLATION_CONNECTION=@@COLLATION_CONNECTION */;
/*!40101 SET NAMES utf8mb4 */;

--
-- Database: `ukk_hotel`
--

-- --------------------------------------------------------

--
-- Table structure for table `orders`
--

CREATE TABLE `orders` (
  `id` varchar(255) NOT NULL,
  `order_number` varchar(255) DEFAULT NULL,
  `order_name` varchar(255) DEFAULT NULL,
  `order_email` varchar(255) DEFAULT NULL,
  `order_date` datetime DEFAULT NULL,
  `checkout_date` datetime DEFAULT NULL,
  `checkin_date` datetime DEFAULT NULL,
  `guest_name` varchar(255) DEFAULT NULL,
  `room_count` int(11) DEFAULT NULL,
  `id_room_type` int(11) DEFAULT NULL,
  `order_status` enum('NEW','CHECK-IN','CHECK-OUT','CANCEL') DEFAULT NULL,
  `id_user` varchar(255) DEFAULT NULL,
  `createdAt` datetime NOT NULL,
  `updatedAt` datetime NOT NULL
) ENGINE=InnoDB DEFAULT CHARSET=utf8mb4;

--
-- Dumping data for table `orders`
--

INSERT INTO `orders` (`id`, `order_number`, `order_name`, `order_email`, `order_date`, `checkout_date`, `checkin_date`, `guest_name`, `room_count`, `id_room_type`, `order_status`, `id_user`, `createdAt`, `updatedAt`) VALUES
('08d24750-5194-4b0b-a6dc-e4f16e69e471', 'INV-16583', '22', '332', '2023-02-26 16:06:37', '2023-03-08 00:00:00', '2023-03-02 00:00:00', 'jada', 2, 4, 'NEW', '@MYDWJ', '2023-02-26 16:06:37', '2023-02-26 16:06:37'),
('2a87c2ca-cc23-4422-b706-5332e4c0ea1b', 'INV-75239', '3131', '3553', '2023-02-26 15:36:18', '2023-03-02 00:00:00', '2023-02-16 00:00:00', 'dadfad', 1, 5, 'NEW', '@MYDWJ', '2023-02-26 15:36:18', '2023-02-26 15:36:18'),
('33f6b436-6b0a-49ed-b734-af310aec4efd', 'INV-27886', '31', 'ds', '2023-02-26 15:49:04', '2023-03-01 00:00:00', '2023-02-22 00:00:00', 'ss', 1, 7, 'NEW', '@MYDWJ', '2023-02-26 15:49:04', '2023-02-26 15:49:04'),
('48933bf0-3244-4dce-8986-4c6dca548313', 'INV-97739', '3', '3', '2023-02-25 09:11:17', '2023-02-25 00:00:00', '2023-02-23 00:00:00', '313jdal', 2, 3, 'NEW', '@MYDWJ', '2023-02-25 09:11:17', '2023-02-25 09:11:17'),
('58483a6a-c840-48fb-89bf-719679779f44', 'INV-28175', 'Whangsaff', 'whangsaff@gmail.com', '2023-02-13 02:37:07', '2023-02-16 00:00:00', '2023-02-13 00:00:00', 'Indra, Faiz, Rayhan, Zaim', 9, 1, 'CANCEL', '@MYDWJ', '2023-02-13 02:37:07', '2023-02-21 16:53:28'),
('6133c116-aa4e-4f6d-93d6-61c03156c686', 'INV-91197', '3131', '3553', '2023-02-26 15:37:51', '2023-03-02 00:00:00', '2023-02-16 00:00:00', 'dadfad', 1, 5, 'NEW', '@MYDWJ', '2023-02-26 15:37:51', '2023-02-26 15:37:51'),
('64e60960-9f5e-4ecc-b8cb-8b775f74e5e0', 'INV-12957', 'Whangsaff', 'whangsaff@gmail.com', '2023-02-17 04:07:47', '2023-02-16 00:00:00', '2023-02-13 00:00:00', 'Indra, Faiz, Rayhan, Zaim', 2, 1, 'CHECK-OUT', '@MYDWJ', '2023-02-17 04:07:47', '2023-02-26 06:48:29'),
('65ab8e9f-70e6-4b00-8c1b-0e8b3da93830', 'INV-60223', 'dsadsasda', 'saas', '2023-02-25 09:22:52', '2023-02-26 00:00:00', '2023-02-25 00:00:00', 'dasdsa', 1, 4, 'NEW', '@MYDWJ', '2023-02-25 09:22:52', '2023-03-04 09:51:56'),
('6d2409dd-3e98-4f85-bc13-3742a283177f', 'INV-69363', 'jfjdsj', 'dasdjaskd', '2023-02-26 15:35:22', '2023-03-01 00:00:00', '2023-02-26 00:00:00', 'dfanjkfd a', 1, 4, 'NEW', '@MYDWJ', '2023-02-26 15:35:22', '2023-02-26 15:35:22'),
('6f5506ac-6e49-4852-88f9-78076a3d0011', 'INV-32183', 'njkdfffnjks', 'dsnajkdnk', '2023-02-26 16:02:50', '2023-02-23 00:00:00', '2023-02-15 00:00:00', 'dsajk', 1, 9, 'NEW', '@MYDWJ', '2023-02-26 16:02:50', '2023-02-26 16:02:50'),
('73b8e5d8-f04f-425f-88c1-45e56b692423', 'INV-58665', '3', '31', '2023-02-26 16:04:44', '2023-02-22 00:00:00', '2023-02-15 00:00:00', '2', 1, 4, 'NEW', '@MYDWJ', '2023-02-26 16:04:44', '2023-02-26 16:04:44'),
('8b64fa02-e246-4ecd-86a3-eb2474588062', 'INV-71992', '7878', 'huhj', '2023-02-27 03:04:50', '2023-02-27 00:00:00', '2023-02-18 00:00:00', 'bubu', 1, 5, 'NEW', '@MYDWJ', '2023-02-27 03:04:50', '2023-02-27 03:04:50'),
('8b6cd74c-7db9-4682-91db-3a76a5b7fb33', 'INV-37713', '43', '231', '2023-02-26 16:07:13', '2023-03-02 00:00:00', '2023-02-28 00:00:00', '31', 1, 4, 'NEW', '@MYDWJ', '2023-02-26 16:07:13', '2023-02-26 16:07:13'),
('9625c692-17b5-4bcd-b874-87ef223d1c02', 'INV-28213', '3113', '42', '2023-02-26 15:46:11', '2023-03-01 00:00:00', '2023-02-10 00:00:00', 'dfgdf', 1, 4, 'NEW', '@MYDWJ', '2023-02-26 15:46:11', '2023-02-26 15:46:11'),
('9a39d610-21e7-456a-9098-2ec9b8e3cb6c', 'INV-32926', 'das742', 'exam', '2023-02-26 15:40:22', '2023-03-02 00:00:00', '2023-02-28 00:00:00', '2u42', 2, 6, 'NEW', '@MYDWJ', '2023-02-26 15:40:22', '2023-02-26 15:40:22'),
('9b3883dc-0403-413c-a20e-b167132280cd', 'INV-45221', 'Whangsaff', 'whangsaff@gmail.com', '2023-02-25 05:18:26', '2023-02-16 00:00:00', '2023-02-13 00:00:00', 'Indra, Faiz, Rayhan, Zaim', 2, 1, 'NEW', '@MYDWJ', '2023-02-25 05:18:26', '2023-02-25 05:18:26'),
('a57696ab-ecff-458d-906b-1f74dc8ca0ab', 'INV-23346', 'Man', 'man@gmail.com', '2023-03-04 10:49:43', '2023-03-16 00:00:00', '2023-03-15 00:00:00', 'Mann', 2, 4, 'NEW', '@MYDWJ', '2023-03-04 10:49:43', '2023-03-04 10:49:43'),
('a764c7c5-d5b0-4a9e-82ab-31303552e229', 'INV-94823', '3113', '42', '2023-02-26 15:45:57', '2023-03-01 00:00:00', '2023-02-10 00:00:00', 'dfgdf', 1, 4, 'NEW', '@MYDWJ', '2023-02-26 15:45:57', '2023-02-26 15:45:57'),
('b2d3a995-f2cc-42ab-bb6b-38bd0fb1a488', 'INV-45114', 'Whangsaff', 'whangsaff@gmail.com', '2023-03-04 23:31:37', '2023-03-05 00:00:00', '2023-03-05 00:00:00', 'Indra, Faiz, Rayhan, Zaim', 5, 1, 'NEW', '@MYDWJ', '2023-03-04 23:31:37', '2023-03-04 23:31:37'),
('bf44e6c0-e9fc-4167-a9f3-149dd3c5d955', 'INV-55648', 'Rafi Habibi', 'rafirahman@gmail.com', '2023-03-03 14:59:06', '2023-03-06 00:00:00', '2023-03-03 00:00:00', 'Rafi Habibi', 2, 7, 'CHECK-OUT', '@MYDWJ', '2023-03-03 14:59:06', '2023-03-03 15:02:30'),
('c061e585-4be6-4fc8-9980-0d3b1a999f60', 'INV-66230', '3113', '42', '2023-02-26 15:44:37', '2023-03-01 00:00:00', '2023-02-10 00:00:00', 'dfgdf', 1, 4, 'NEW', '@MYDWJ', '2023-02-26 15:44:37', '2023-02-26 15:44:37'),
('c576e6a8-c16f-4761-927c-f0a900b98f67', 'INV-71353', 'dsd', 'dsa', '2023-02-25 07:05:45', '2023-02-27 00:00:00', '2023-02-25 00:00:00', 'dsa', 2, 6, 'NEW', '@MYDWJ', '2023-02-25 07:05:45', '2023-02-25 07:05:45'),
('d72a4411-3f90-4d51-962b-050f793051bc', 'INV-82971', 'test', 'test', '2023-02-25 07:04:40', '2023-02-28 00:00:00', '2023-02-25 00:00:00', 'test', 1, 4, 'NEW', '@MYDWJ', '2023-02-25 07:04:40', '2023-02-25 07:04:40'),
('e38b7fc2-ab9c-4001-b644-23f4c51f2c10', 'INV-79615', 'Ma john', 'joemama@gmail.com', '2023-02-25 06:59:08', '2023-02-28 00:00:00', '2023-02-25 00:00:00', 'Jo, Eh, Bruh', 3, 5, 'NEW', '@MYDWJ', '2023-02-25 06:59:08', '2023-02-25 06:59:08'),
('e7d10ea3-d875-496d-a4e2-116e21fbb5bd', 'INV-29381', 'tegydsajh', 'dgdgdd@gmail.com', '2023-03-02 10:42:35', '2023-03-19 00:00:00', '2023-03-17 00:00:00', 'shgshgsbh', 2, 5, 'NEW', '@MYDWJ', '2023-03-02 10:42:35', '2023-03-02 10:42:35'),
('ecf49089-025e-448d-9705-ac6f9cb75b25', 'INV-25293', 'Edited', 'edited@gmail.com', '2023-02-13 03:16:37', '2023-02-16 00:00:00', '2023-02-13 00:00:00', 'EDITED', 11, 1, 'NEW', '@BOQ4M7', '2023-02-13 03:16:37', '2023-02-21 16:51:40'),
('edd2ead0-c5ed-4e5d-b9e0-04c04b1853dd', 'INV-81998', 'Indra Real', 'indra.ro@gmail.com', '2023-02-26 15:32:42', '2023-02-28 00:00:00', '2023-02-26 00:00:00', 'Zaym, Faizi, Labib, Zul', 4, 3, 'NEW', '@MYDWJ', '2023-02-26 15:32:42', '2023-02-26 15:32:42'),
('f283cb5a-9e30-421f-99d4-ea1dc1e57610', 'INV-53935', 'Rizky', 'rizz@gmail.com', '2023-03-03 09:01:21', '2023-03-13 00:00:00', '2023-03-08 00:00:00', 'rizz, ky, nha, bruh', 4, 2, 'CHECK-IN', '@MYDWJ', '2023-03-03 09:01:21', '2023-03-03 09:03:21'),
('f5adfedc-8c05-4d15-9f7b-8d1d60dbf3e9', 'INV-50675', 'Indra Real', 'indra.ro@gmail.com', '2023-02-26 15:32:05', '2023-02-28 00:00:00', '2023-02-26 00:00:00', 'Zaym, Faizi, Labib, Zul', 4, 3, 'NEW', '@MYDWJ', '2023-02-26 15:32:05', '2023-02-26 15:32:05');

-- --------------------------------------------------------

--
-- Table structure for table `order_details`
--

CREATE TABLE `order_details` (
  `id` int(11) NOT NULL,
  `id_order` varchar(255) DEFAULT NULL,
  `id_room` int(11) DEFAULT NULL,
  `access_date` datetime NOT NULL,
  `price` int(11) NOT NULL,
  `createdAt` datetime NOT NULL,
  `updatedAt` datetime NOT NULL
) ENGINE=InnoDB DEFAULT CHARSET=utf8mb4;

--
-- Dumping data for table `order_details`
--

INSERT INTO `order_details` (`id`, `id_order`, `id_room`, `access_date`, `price`, `createdAt`, `updatedAt`) VALUES
(572, '58483a6a-c840-48fb-89bf-719679779f44', 1, '2023-02-13 00:00:00', 225, '2023-02-13 02:37:07', '2023-02-13 02:37:07'),
(573, '58483a6a-c840-48fb-89bf-719679779f44', 2, '2023-02-13 00:00:00', 225, '2023-02-13 02:37:07', '2023-02-13 02:37:07'),
(574, '58483a6a-c840-48fb-89bf-719679779f44', 3, '2023-02-13 00:00:00', 225, '2023-02-13 02:37:07', '2023-02-13 02:37:07'),
(575, '58483a6a-c840-48fb-89bf-719679779f44', 4, '2023-02-13 00:00:00', 225, '2023-02-13 02:37:07', '2023-02-13 02:37:07'),
(576, '58483a6a-c840-48fb-89bf-719679779f44', 5, '2023-02-13 00:00:00', 225, '2023-02-13 02:37:07', '2023-02-13 02:37:07'),
(577, '58483a6a-c840-48fb-89bf-719679779f44', 6, '2023-02-13 00:00:00', 225, '2023-02-13 02:37:07', '2023-02-13 02:37:07'),
(578, '58483a6a-c840-48fb-89bf-719679779f44', 7, '2023-02-13 00:00:00', 225, '2023-02-13 02:37:07', '2023-02-13 02:37:07'),
(579, '58483a6a-c840-48fb-89bf-719679779f44', 8, '2023-02-13 00:00:00', 225, '2023-02-13 02:37:07', '2023-02-13 02:37:07'),
(580, '58483a6a-c840-48fb-89bf-719679779f44', 9, '2023-02-13 00:00:00', 225, '2023-02-13 02:37:07', '2023-02-13 02:37:07'),
(581, '58483a6a-c840-48fb-89bf-719679779f44', 1, '2023-02-14 00:00:00', 225, '2023-02-13 02:37:07', '2023-02-13 02:37:07'),
(582, '58483a6a-c840-48fb-89bf-719679779f44', 2, '2023-02-14 00:00:00', 225, '2023-02-13 02:37:07', '2023-02-13 02:37:07'),
(583, '58483a6a-c840-48fb-89bf-719679779f44', 3, '2023-02-14 00:00:00', 225, '2023-02-13 02:37:07', '2023-02-13 02:37:07'),
(584, '58483a6a-c840-48fb-89bf-719679779f44', 4, '2023-02-14 00:00:00', 225, '2023-02-13 02:37:07', '2023-02-13 02:37:07'),
(585, '58483a6a-c840-48fb-89bf-719679779f44', 5, '2023-02-14 00:00:00', 225, '2023-02-13 02:37:07', '2023-02-13 02:37:07'),
(586, '58483a6a-c840-48fb-89bf-719679779f44', 6, '2023-02-14 00:00:00', 225, '2023-02-13 02:37:07', '2023-02-13 02:37:07'),
(587, '58483a6a-c840-48fb-89bf-719679779f44', 7, '2023-02-14 00:00:00', 225, '2023-02-13 02:37:07', '2023-02-13 02:37:07'),
(588, '58483a6a-c840-48fb-89bf-719679779f44', 8, '2023-02-14 00:00:00', 225, '2023-02-13 02:37:07', '2023-02-13 02:37:07'),
(589, '58483a6a-c840-48fb-89bf-719679779f44', 9, '2023-02-14 00:00:00', 225, '2023-02-13 02:37:07', '2023-02-13 02:37:07'),
(590, '58483a6a-c840-48fb-89bf-719679779f44', 1, '2023-02-15 00:00:00', 225, '2023-02-13 02:37:07', '2023-02-13 02:37:07'),
(591, '58483a6a-c840-48fb-89bf-719679779f44', 2, '2023-02-15 00:00:00', 225, '2023-02-13 02:37:07', '2023-02-13 02:37:07'),
(592, '58483a6a-c840-48fb-89bf-719679779f44', 3, '2023-02-15 00:00:00', 225, '2023-02-13 02:37:07', '2023-02-13 02:37:07'),
(593, '58483a6a-c840-48fb-89bf-719679779f44', 4, '2023-02-15 00:00:00', 225, '2023-02-13 02:37:07', '2023-02-13 02:37:07'),
(594, '58483a6a-c840-48fb-89bf-719679779f44', 5, '2023-02-15 00:00:00', 225, '2023-02-13 02:37:07', '2023-02-13 02:37:07'),
(595, '58483a6a-c840-48fb-89bf-719679779f44', 6, '2023-02-15 00:00:00', 225, '2023-02-13 02:37:07', '2023-02-13 02:37:07'),
(596, '58483a6a-c840-48fb-89bf-719679779f44', 7, '2023-02-15 00:00:00', 225, '2023-02-13 02:37:07', '2023-02-13 02:37:07'),
(597, '58483a6a-c840-48fb-89bf-719679779f44', 8, '2023-02-15 00:00:00', 225, '2023-02-13 02:37:07', '2023-02-13 02:37:07'),
(598, '58483a6a-c840-48fb-89bf-719679779f44', 9, '2023-02-15 00:00:00', 225, '2023-02-13 02:37:07', '2023-02-13 02:37:07'),
(629, 'ecf49089-025e-448d-9705-ac6f9cb75b25', 1, '2023-02-13 00:00:00', 225, '2023-02-13 03:16:37', '2023-02-13 03:16:37'),
(630, 'ecf49089-025e-448d-9705-ac6f9cb75b25', 2, '2023-02-13 00:00:00', 225, '2023-02-13 03:16:37', '2023-02-13 03:16:37'),
(631, 'ecf49089-025e-448d-9705-ac6f9cb75b25', 3, '2023-02-13 00:00:00', 225, '2023-02-13 03:16:37', '2023-02-13 03:16:37'),
(632, 'ecf49089-025e-448d-9705-ac6f9cb75b25', 4, '2023-02-13 00:00:00', 225, '2023-02-13 03:16:37', '2023-02-13 03:16:37'),
(633, 'ecf49089-025e-448d-9705-ac6f9cb75b25', 5, '2023-02-13 00:00:00', 225, '2023-02-13 03:16:37', '2023-02-13 03:16:37'),
(634, 'ecf49089-025e-448d-9705-ac6f9cb75b25', 6, '2023-02-13 00:00:00', 225, '2023-02-13 03:16:37', '2023-02-13 03:16:37'),
(635, 'ecf49089-025e-448d-9705-ac6f9cb75b25', 7, '2023-02-13 00:00:00', 225, '2023-02-13 03:16:37', '2023-02-13 03:16:37'),
(636, 'ecf49089-025e-448d-9705-ac6f9cb75b25', 8, '2023-02-13 00:00:00', 225, '2023-02-13 03:16:37', '2023-02-13 03:16:37'),
(637, 'ecf49089-025e-448d-9705-ac6f9cb75b25', 9, '2023-02-13 00:00:00', 225, '2023-02-13 03:16:37', '2023-02-13 03:16:37'),
(638, 'ecf49089-025e-448d-9705-ac6f9cb75b25', 10, '2023-02-13 00:00:00', 225, '2023-02-13 03:16:37', '2023-02-13 03:16:37'),
(639, 'ecf49089-025e-448d-9705-ac6f9cb75b25', 11, '2023-02-13 00:00:00', 225, '2023-02-13 03:16:37', '2023-02-13 03:16:37'),
(640, 'ecf49089-025e-448d-9705-ac6f9cb75b25', 1, '2023-02-14 00:00:00', 225, '2023-02-13 03:16:37', '2023-02-13 03:16:37'),
(641, 'ecf49089-025e-448d-9705-ac6f9cb75b25', 2, '2023-02-14 00:00:00', 225, '2023-02-13 03:16:37', '2023-02-13 03:16:37'),
(642, 'ecf49089-025e-448d-9705-ac6f9cb75b25', 3, '2023-02-14 00:00:00', 225, '2023-02-13 03:16:37', '2023-02-13 03:16:37'),
(643, 'ecf49089-025e-448d-9705-ac6f9cb75b25', 4, '2023-02-14 00:00:00', 225, '2023-02-13 03:16:37', '2023-02-13 03:16:37'),
(644, 'ecf49089-025e-448d-9705-ac6f9cb75b25', 5, '2023-02-14 00:00:00', 225, '2023-02-13 03:16:37', '2023-02-13 03:16:37'),
(645, 'ecf49089-025e-448d-9705-ac6f9cb75b25', 6, '2023-02-14 00:00:00', 225, '2023-02-13 03:16:37', '2023-02-13 03:16:37'),
(646, 'ecf49089-025e-448d-9705-ac6f9cb75b25', 7, '2023-02-14 00:00:00', 225, '2023-02-13 03:16:37', '2023-02-13 03:16:37'),
(647, 'ecf49089-025e-448d-9705-ac6f9cb75b25', 8, '2023-02-14 00:00:00', 225, '2023-02-13 03:16:37', '2023-02-13 03:16:37'),
(648, 'ecf49089-025e-448d-9705-ac6f9cb75b25', 9, '2023-02-14 00:00:00', 225, '2023-02-13 03:16:37', '2023-02-13 03:16:37'),
(649, 'ecf49089-025e-448d-9705-ac6f9cb75b25', 10, '2023-02-14 00:00:00', 225, '2023-02-13 03:16:37', '2023-02-13 03:16:37'),
(650, 'ecf49089-025e-448d-9705-ac6f9cb75b25', 11, '2023-02-14 00:00:00', 225, '2023-02-13 03:16:37', '2023-02-13 03:16:37'),
(651, 'ecf49089-025e-448d-9705-ac6f9cb75b25', 1, '2023-02-15 00:00:00', 225, '2023-02-13 03:16:37', '2023-02-13 03:16:37'),
(652, 'ecf49089-025e-448d-9705-ac6f9cb75b25', 2, '2023-02-15 00:00:00', 225, '2023-02-13 03:16:37', '2023-02-13 03:16:37'),
(653, 'ecf49089-025e-448d-9705-ac6f9cb75b25', 3, '2023-02-15 00:00:00', 225, '2023-02-13 03:16:37', '2023-02-13 03:16:37'),
(654, 'ecf49089-025e-448d-9705-ac6f9cb75b25', 4, '2023-02-15 00:00:00', 225, '2023-02-13 03:16:37', '2023-02-13 03:16:37'),
(655, 'ecf49089-025e-448d-9705-ac6f9cb75b25', 5, '2023-02-15 00:00:00', 225, '2023-02-13 03:16:37', '2023-02-13 03:16:37'),
(656, 'ecf49089-025e-448d-9705-ac6f9cb75b25', 6, '2023-02-15 00:00:00', 225, '2023-02-13 03:16:37', '2023-02-13 03:16:37'),
(657, 'ecf49089-025e-448d-9705-ac6f9cb75b25', 7, '2023-02-15 00:00:00', 225, '2023-02-13 03:16:37', '2023-02-13 03:16:37'),
(658, 'ecf49089-025e-448d-9705-ac6f9cb75b25', 8, '2023-02-15 00:00:00', 225, '2023-02-13 03:16:37', '2023-02-13 03:16:37'),
(659, 'ecf49089-025e-448d-9705-ac6f9cb75b25', 9, '2023-02-15 00:00:00', 225, '2023-02-13 03:16:37', '2023-02-13 03:16:37'),
(660, 'ecf49089-025e-448d-9705-ac6f9cb75b25', 10, '2023-02-15 00:00:00', 225, '2023-02-13 03:16:37', '2023-02-13 03:16:37'),
(661, 'ecf49089-025e-448d-9705-ac6f9cb75b25', 11, '2023-02-15 00:00:00', 225, '2023-02-13 03:16:37', '2023-02-13 03:16:37'),
(725, '64e60960-9f5e-4ecc-b8cb-8b775f74e5e0', 11, '2023-02-13 00:00:00', 225, '2023-02-17 04:07:47', '2023-02-17 04:07:47'),
(726, '64e60960-9f5e-4ecc-b8cb-8b775f74e5e0', 12, '2023-02-13 00:00:00', 225, '2023-02-17 04:07:47', '2023-02-17 04:07:47'),
(727, '64e60960-9f5e-4ecc-b8cb-8b775f74e5e0', 11, '2023-02-14 00:00:00', 225, '2023-02-17 04:07:47', '2023-02-17 04:07:47'),
(728, '64e60960-9f5e-4ecc-b8cb-8b775f74e5e0', 12, '2023-02-14 00:00:00', 225, '2023-02-17 04:07:47', '2023-02-17 04:07:47'),
(729, '64e60960-9f5e-4ecc-b8cb-8b775f74e5e0', 11, '2023-02-15 00:00:00', 225, '2023-02-17 04:07:47', '2023-02-17 04:07:47'),
(730, '64e60960-9f5e-4ecc-b8cb-8b775f74e5e0', 12, '2023-02-15 00:00:00', 225, '2023-02-17 04:07:47', '2023-02-17 04:07:47'),
(731, '9b3883dc-0403-413c-a20e-b167132280cd', 14, '2023-02-13 00:00:00', 225, '2023-02-25 05:18:26', '2023-02-25 05:18:26'),
(732, '9b3883dc-0403-413c-a20e-b167132280cd', 15, '2023-02-13 00:00:00', 225, '2023-02-25 05:18:26', '2023-02-25 05:18:26'),
(733, '9b3883dc-0403-413c-a20e-b167132280cd', 14, '2023-02-14 00:00:00', 225, '2023-02-25 05:18:26', '2023-02-25 05:18:26'),
(734, '9b3883dc-0403-413c-a20e-b167132280cd', 15, '2023-02-14 00:00:00', 225, '2023-02-25 05:18:26', '2023-02-25 05:18:26'),
(735, '9b3883dc-0403-413c-a20e-b167132280cd', 14, '2023-02-15 00:00:00', 225, '2023-02-25 05:18:26', '2023-02-25 05:18:26'),
(736, '9b3883dc-0403-413c-a20e-b167132280cd', 15, '2023-02-15 00:00:00', 225, '2023-02-25 05:18:26', '2023-02-25 05:18:26'),
(747, 'e38b7fc2-ab9c-4001-b644-23f4c51f2c10', 58, '2023-02-25 00:00:00', 900, '2023-02-25 06:59:08', '2023-02-25 06:59:08'),
(748, 'e38b7fc2-ab9c-4001-b644-23f4c51f2c10', 59, '2023-02-25 00:00:00', 900, '2023-02-25 06:59:08', '2023-02-25 06:59:08'),
(749, 'e38b7fc2-ab9c-4001-b644-23f4c51f2c10', 60, '2023-02-25 00:00:00', 900, '2023-02-25 06:59:08', '2023-02-25 06:59:08'),
(750, 'e38b7fc2-ab9c-4001-b644-23f4c51f2c10', 58, '2023-02-26 00:00:00', 900, '2023-02-25 06:59:08', '2023-02-25 06:59:08'),
(751, 'e38b7fc2-ab9c-4001-b644-23f4c51f2c10', 59, '2023-02-26 00:00:00', 900, '2023-02-25 06:59:08', '2023-02-25 06:59:08'),
(752, 'e38b7fc2-ab9c-4001-b644-23f4c51f2c10', 60, '2023-02-26 00:00:00', 900, '2023-02-25 06:59:08', '2023-02-25 06:59:08'),
(753, 'e38b7fc2-ab9c-4001-b644-23f4c51f2c10', 58, '2023-02-27 00:00:00', 900, '2023-02-25 06:59:08', '2023-02-25 06:59:08'),
(754, 'e38b7fc2-ab9c-4001-b644-23f4c51f2c10', 59, '2023-02-27 00:00:00', 900, '2023-02-25 06:59:08', '2023-02-25 06:59:08'),
(755, 'e38b7fc2-ab9c-4001-b644-23f4c51f2c10', 60, '2023-02-27 00:00:00', 900, '2023-02-25 06:59:08', '2023-02-25 06:59:08'),
(756, 'd72a4411-3f90-4d51-962b-050f793051bc', 53, '2023-02-25 00:00:00', 375, '2023-02-25 07:04:40', '2023-02-25 07:04:40'),
(757, 'd72a4411-3f90-4d51-962b-050f793051bc', 53, '2023-02-26 00:00:00', 375, '2023-02-25 07:04:40', '2023-02-25 07:04:40'),
(758, 'd72a4411-3f90-4d51-962b-050f793051bc', 53, '2023-02-27 00:00:00', 375, '2023-02-25 07:04:40', '2023-02-25 07:04:40'),
(759, 'c576e6a8-c16f-4761-927c-f0a900b98f67', 74, '2023-02-25 00:00:00', 300, '2023-02-25 07:05:45', '2023-02-25 07:05:45'),
(760, 'c576e6a8-c16f-4761-927c-f0a900b98f67', 75, '2023-02-25 00:00:00', 300, '2023-02-25 07:05:45', '2023-02-25 07:05:45'),
(761, 'c576e6a8-c16f-4761-927c-f0a900b98f67', 74, '2023-02-26 00:00:00', 300, '2023-02-25 07:05:45', '2023-02-25 07:05:45'),
(762, 'c576e6a8-c16f-4761-927c-f0a900b98f67', 75, '2023-02-26 00:00:00', 300, '2023-02-25 07:05:45', '2023-02-25 07:05:45'),
(782, '48933bf0-3244-4dce-8986-4c6dca548313', 43, '2023-02-23 00:00:00', 300, '2023-02-25 09:11:17', '2023-02-25 09:11:17'),
(783, '48933bf0-3244-4dce-8986-4c6dca548313', 41, '2023-02-23 00:00:00', 300, '2023-02-25 09:11:17', '2023-02-25 09:11:17'),
(784, '48933bf0-3244-4dce-8986-4c6dca548313', 43, '2023-02-24 00:00:00', 300, '2023-02-25 09:11:17', '2023-02-25 09:11:17'),
(785, '48933bf0-3244-4dce-8986-4c6dca548313', 41, '2023-02-24 00:00:00', 300, '2023-02-25 09:11:17', '2023-02-25 09:11:17'),
(787, '65ab8e9f-70e6-4b00-8c1b-0e8b3da93830', 52, '2023-02-25 00:00:00', 125, '2023-02-25 09:22:52', '2023-02-25 09:22:52'),
(788, 'f5adfedc-8c05-4d15-9f7b-8d1d60dbf3e9', 36, '2023-02-26 00:00:00', 300, '2023-02-26 15:32:05', '2023-02-26 15:32:05'),
(789, 'f5adfedc-8c05-4d15-9f7b-8d1d60dbf3e9', 38, '2023-02-26 00:00:00', 300, '2023-02-26 15:32:05', '2023-02-26 15:32:05'),
(790, 'f5adfedc-8c05-4d15-9f7b-8d1d60dbf3e9', 39, '2023-02-26 00:00:00', 300, '2023-02-26 15:32:05', '2023-02-26 15:32:05'),
(791, 'f5adfedc-8c05-4d15-9f7b-8d1d60dbf3e9', 41, '2023-02-26 00:00:00', 300, '2023-02-26 15:32:05', '2023-02-26 15:32:05'),
(792, 'f5adfedc-8c05-4d15-9f7b-8d1d60dbf3e9', 36, '2023-02-27 00:00:00', 300, '2023-02-26 15:32:05', '2023-02-26 15:32:05'),
(793, 'f5adfedc-8c05-4d15-9f7b-8d1d60dbf3e9', 38, '2023-02-27 00:00:00', 300, '2023-02-26 15:32:05', '2023-02-26 15:32:05'),
(794, 'f5adfedc-8c05-4d15-9f7b-8d1d60dbf3e9', 39, '2023-02-27 00:00:00', 300, '2023-02-26 15:32:05', '2023-02-26 15:32:05'),
(795, 'f5adfedc-8c05-4d15-9f7b-8d1d60dbf3e9', 41, '2023-02-27 00:00:00', 300, '2023-02-26 15:32:05', '2023-02-26 15:32:05'),
(796, 'edd2ead0-c5ed-4e5d-b9e0-04c04b1853dd', 36, '2023-02-26 00:00:00', 300, '2023-02-26 15:32:42', '2023-02-26 15:32:42'),
(797, 'edd2ead0-c5ed-4e5d-b9e0-04c04b1853dd', 38, '2023-02-26 00:00:00', 300, '2023-02-26 15:32:42', '2023-02-26 15:32:42'),
(798, 'edd2ead0-c5ed-4e5d-b9e0-04c04b1853dd', 39, '2023-02-26 00:00:00', 300, '2023-02-26 15:32:42', '2023-02-26 15:32:42'),
(799, 'edd2ead0-c5ed-4e5d-b9e0-04c04b1853dd', 41, '2023-02-26 00:00:00', 300, '2023-02-26 15:32:42', '2023-02-26 15:32:42'),
(800, 'edd2ead0-c5ed-4e5d-b9e0-04c04b1853dd', 36, '2023-02-27 00:00:00', 300, '2023-02-26 15:32:42', '2023-02-26 15:32:42'),
(801, 'edd2ead0-c5ed-4e5d-b9e0-04c04b1853dd', 38, '2023-02-27 00:00:00', 300, '2023-02-26 15:32:42', '2023-02-26 15:32:42'),
(802, 'edd2ead0-c5ed-4e5d-b9e0-04c04b1853dd', 39, '2023-02-27 00:00:00', 300, '2023-02-26 15:32:42', '2023-02-26 15:32:42'),
(803, 'edd2ead0-c5ed-4e5d-b9e0-04c04b1853dd', 41, '2023-02-27 00:00:00', 300, '2023-02-26 15:32:42', '2023-02-26 15:32:42'),
(808, '6d2409dd-3e98-4f85-bc13-3742a283177f', 50, '2023-02-26 00:00:00', 375, '2023-02-26 15:35:22', '2023-02-26 15:35:22'),
(809, '6d2409dd-3e98-4f85-bc13-3742a283177f', 50, '2023-02-27 00:00:00', 375, '2023-02-26 15:35:22', '2023-02-26 15:35:22'),
(810, '6d2409dd-3e98-4f85-bc13-3742a283177f', 50, '2023-02-28 00:00:00', 375, '2023-02-26 15:35:22', '2023-02-26 15:35:22'),
(811, '2a87c2ca-cc23-4422-b706-5332e4c0ea1b', 62, '2023-02-16 00:00:00', 4200, '2023-02-26 15:36:18', '2023-02-26 15:36:18'),
(812, '2a87c2ca-cc23-4422-b706-5332e4c0ea1b', 62, '2023-02-17 00:00:00', 4200, '2023-02-26 15:36:18', '2023-02-26 15:36:18'),
(813, '2a87c2ca-cc23-4422-b706-5332e4c0ea1b', 62, '2023-02-18 00:00:00', 4200, '2023-02-26 15:36:18', '2023-02-26 15:36:18'),
(814, '2a87c2ca-cc23-4422-b706-5332e4c0ea1b', 62, '2023-02-19 00:00:00', 4200, '2023-02-26 15:36:18', '2023-02-26 15:36:18'),
(815, '2a87c2ca-cc23-4422-b706-5332e4c0ea1b', 62, '2023-02-20 00:00:00', 4200, '2023-02-26 15:36:18', '2023-02-26 15:36:18'),
(816, '2a87c2ca-cc23-4422-b706-5332e4c0ea1b', 62, '2023-02-21 00:00:00', 4200, '2023-02-26 15:36:18', '2023-02-26 15:36:18'),
(817, '2a87c2ca-cc23-4422-b706-5332e4c0ea1b', 62, '2023-02-22 00:00:00', 4200, '2023-02-26 15:36:18', '2023-02-26 15:36:18'),
(818, '2a87c2ca-cc23-4422-b706-5332e4c0ea1b', 62, '2023-02-23 00:00:00', 4200, '2023-02-26 15:36:18', '2023-02-26 15:36:18'),
(819, '2a87c2ca-cc23-4422-b706-5332e4c0ea1b', 62, '2023-02-24 00:00:00', 4200, '2023-02-26 15:36:18', '2023-02-26 15:36:18'),
(820, '2a87c2ca-cc23-4422-b706-5332e4c0ea1b', 62, '2023-02-25 00:00:00', 4200, '2023-02-26 15:36:18', '2023-02-26 15:36:18'),
(821, '2a87c2ca-cc23-4422-b706-5332e4c0ea1b', 62, '2023-02-26 00:00:00', 4200, '2023-02-26 15:36:18', '2023-02-26 15:36:18'),
(822, '2a87c2ca-cc23-4422-b706-5332e4c0ea1b', 62, '2023-02-27 00:00:00', 4200, '2023-02-26 15:36:18', '2023-02-26 15:36:18'),
(823, '2a87c2ca-cc23-4422-b706-5332e4c0ea1b', 62, '2023-02-28 00:00:00', 4200, '2023-02-26 15:36:18', '2023-02-26 15:36:18'),
(824, '2a87c2ca-cc23-4422-b706-5332e4c0ea1b', 62, '2023-03-01 00:00:00', 4200, '2023-02-26 15:36:18', '2023-02-26 15:36:18'),
(825, '6133c116-aa4e-4f6d-93d6-61c03156c686', 57, '2023-02-16 00:00:00', 4200, '2023-02-26 15:37:51', '2023-02-26 15:37:51'),
(826, '6133c116-aa4e-4f6d-93d6-61c03156c686', 57, '2023-02-17 00:00:00', 4200, '2023-02-26 15:37:51', '2023-02-26 15:37:51'),
(827, '6133c116-aa4e-4f6d-93d6-61c03156c686', 57, '2023-02-18 00:00:00', 4200, '2023-02-26 15:37:51', '2023-02-26 15:37:51'),
(828, '6133c116-aa4e-4f6d-93d6-61c03156c686', 57, '2023-02-19 00:00:00', 4200, '2023-02-26 15:37:51', '2023-02-26 15:37:51'),
(829, '6133c116-aa4e-4f6d-93d6-61c03156c686', 57, '2023-02-20 00:00:00', 4200, '2023-02-26 15:37:51', '2023-02-26 15:37:51'),
(830, '6133c116-aa4e-4f6d-93d6-61c03156c686', 57, '2023-02-21 00:00:00', 4200, '2023-02-26 15:37:51', '2023-02-26 15:37:51'),
(831, '6133c116-aa4e-4f6d-93d6-61c03156c686', 57, '2023-02-22 00:00:00', 4200, '2023-02-26 15:37:51', '2023-02-26 15:37:51'),
(832, '6133c116-aa4e-4f6d-93d6-61c03156c686', 57, '2023-02-23 00:00:00', 4200, '2023-02-26 15:37:51', '2023-02-26 15:37:51'),
(833, '6133c116-aa4e-4f6d-93d6-61c03156c686', 57, '2023-02-24 00:00:00', 4200, '2023-02-26 15:37:51', '2023-02-26 15:37:51'),
(834, '6133c116-aa4e-4f6d-93d6-61c03156c686', 57, '2023-02-25 00:00:00', 4200, '2023-02-26 15:37:51', '2023-02-26 15:37:51'),
(835, '6133c116-aa4e-4f6d-93d6-61c03156c686', 57, '2023-02-26 00:00:00', 4200, '2023-02-26 15:37:51', '2023-02-26 15:37:51'),
(836, '6133c116-aa4e-4f6d-93d6-61c03156c686', 57, '2023-02-27 00:00:00', 4200, '2023-02-26 15:37:51', '2023-02-26 15:37:51'),
(837, '6133c116-aa4e-4f6d-93d6-61c03156c686', 57, '2023-02-28 00:00:00', 4200, '2023-02-26 15:37:51', '2023-02-26 15:37:51'),
(838, '6133c116-aa4e-4f6d-93d6-61c03156c686', 57, '2023-03-01 00:00:00', 4200, '2023-02-26 15:37:51', '2023-02-26 15:37:51'),
(849, '9a39d610-21e7-456a-9098-2ec9b8e3cb6c', 68, '2023-02-28 00:00:00', 300, '2023-02-26 15:40:22', '2023-02-26 15:40:22'),
(850, '9a39d610-21e7-456a-9098-2ec9b8e3cb6c', 76, '2023-02-28 00:00:00', 300, '2023-02-26 15:40:22', '2023-02-26 15:40:22'),
(851, '9a39d610-21e7-456a-9098-2ec9b8e3cb6c', 68, '2023-03-01 00:00:00', 300, '2023-02-26 15:40:22', '2023-02-26 15:40:22'),
(852, '9a39d610-21e7-456a-9098-2ec9b8e3cb6c', 76, '2023-03-01 00:00:00', 300, '2023-02-26 15:40:22', '2023-02-26 15:40:22'),
(857, 'c061e585-4be6-4fc8-9980-0d3b1a999f60', 48, '2023-02-10 00:00:00', 2375, '2023-02-26 15:44:37', '2023-02-26 15:44:37'),
(858, 'c061e585-4be6-4fc8-9980-0d3b1a999f60', 48, '2023-02-11 00:00:00', 2375, '2023-02-26 15:44:37', '2023-02-26 15:44:37'),
(859, 'c061e585-4be6-4fc8-9980-0d3b1a999f60', 48, '2023-02-12 00:00:00', 2375, '2023-02-26 15:44:37', '2023-02-26 15:44:37'),
(860, 'c061e585-4be6-4fc8-9980-0d3b1a999f60', 48, '2023-02-13 00:00:00', 2375, '2023-02-26 15:44:37', '2023-02-26 15:44:37'),
(861, 'c061e585-4be6-4fc8-9980-0d3b1a999f60', 48, '2023-02-14 00:00:00', 2375, '2023-02-26 15:44:37', '2023-02-26 15:44:37'),
(862, 'c061e585-4be6-4fc8-9980-0d3b1a999f60', 48, '2023-02-15 00:00:00', 2375, '2023-02-26 15:44:37', '2023-02-26 15:44:37'),
(863, 'c061e585-4be6-4fc8-9980-0d3b1a999f60', 48, '2023-02-16 00:00:00', 2375, '2023-02-26 15:44:37', '2023-02-26 15:44:37'),
(864, 'c061e585-4be6-4fc8-9980-0d3b1a999f60', 48, '2023-02-17 00:00:00', 2375, '2023-02-26 15:44:37', '2023-02-26 15:44:37'),
(865, 'c061e585-4be6-4fc8-9980-0d3b1a999f60', 48, '2023-02-18 00:00:00', 2375, '2023-02-26 15:44:37', '2023-02-26 15:44:37'),
(866, 'c061e585-4be6-4fc8-9980-0d3b1a999f60', 48, '2023-02-19 00:00:00', 2375, '2023-02-26 15:44:37', '2023-02-26 15:44:37'),
(867, 'c061e585-4be6-4fc8-9980-0d3b1a999f60', 48, '2023-02-20 00:00:00', 2375, '2023-02-26 15:44:37', '2023-02-26 15:44:37'),
(868, 'c061e585-4be6-4fc8-9980-0d3b1a999f60', 48, '2023-02-21 00:00:00', 2375, '2023-02-26 15:44:37', '2023-02-26 15:44:37'),
(869, 'c061e585-4be6-4fc8-9980-0d3b1a999f60', 48, '2023-02-22 00:00:00', 2375, '2023-02-26 15:44:37', '2023-02-26 15:44:37'),
(870, 'c061e585-4be6-4fc8-9980-0d3b1a999f60', 48, '2023-02-23 00:00:00', 2375, '2023-02-26 15:44:37', '2023-02-26 15:44:37'),
(871, 'c061e585-4be6-4fc8-9980-0d3b1a999f60', 48, '2023-02-24 00:00:00', 2375, '2023-02-26 15:44:37', '2023-02-26 15:44:37'),
(872, 'c061e585-4be6-4fc8-9980-0d3b1a999f60', 48, '2023-02-25 00:00:00', 2375, '2023-02-26 15:44:37', '2023-02-26 15:44:37'),
(873, 'c061e585-4be6-4fc8-9980-0d3b1a999f60', 48, '2023-02-26 00:00:00', 2375, '2023-02-26 15:44:37', '2023-02-26 15:44:37'),
(874, 'c061e585-4be6-4fc8-9980-0d3b1a999f60', 48, '2023-02-27 00:00:00', 2375, '2023-02-26 15:44:37', '2023-02-26 15:44:37'),
(875, 'c061e585-4be6-4fc8-9980-0d3b1a999f60', 48, '2023-02-28 00:00:00', 2375, '2023-02-26 15:44:37', '2023-02-26 15:44:37'),
(876, 'a764c7c5-d5b0-4a9e-82ab-31303552e229', 49, '2023-02-10 00:00:00', 2375, '2023-02-26 15:45:57', '2023-02-26 15:45:57'),
(877, 'a764c7c5-d5b0-4a9e-82ab-31303552e229', 49, '2023-02-11 00:00:00', 2375, '2023-02-26 15:45:57', '2023-02-26 15:45:57'),
(878, 'a764c7c5-d5b0-4a9e-82ab-31303552e229', 49, '2023-02-12 00:00:00', 2375, '2023-02-26 15:45:57', '2023-02-26 15:45:57'),
(879, 'a764c7c5-d5b0-4a9e-82ab-31303552e229', 49, '2023-02-13 00:00:00', 2375, '2023-02-26 15:45:57', '2023-02-26 15:45:57'),
(880, 'a764c7c5-d5b0-4a9e-82ab-31303552e229', 49, '2023-02-14 00:00:00', 2375, '2023-02-26 15:45:57', '2023-02-26 15:45:57'),
(881, 'a764c7c5-d5b0-4a9e-82ab-31303552e229', 49, '2023-02-15 00:00:00', 2375, '2023-02-26 15:45:57', '2023-02-26 15:45:57'),
(882, 'a764c7c5-d5b0-4a9e-82ab-31303552e229', 49, '2023-02-16 00:00:00', 2375, '2023-02-26 15:45:57', '2023-02-26 15:45:57'),
(883, 'a764c7c5-d5b0-4a9e-82ab-31303552e229', 49, '2023-02-17 00:00:00', 2375, '2023-02-26 15:45:57', '2023-02-26 15:45:57'),
(884, 'a764c7c5-d5b0-4a9e-82ab-31303552e229', 49, '2023-02-18 00:00:00', 2375, '2023-02-26 15:45:57', '2023-02-26 15:45:57'),
(885, 'a764c7c5-d5b0-4a9e-82ab-31303552e229', 49, '2023-02-19 00:00:00', 2375, '2023-02-26 15:45:57', '2023-02-26 15:45:57'),
(886, 'a764c7c5-d5b0-4a9e-82ab-31303552e229', 49, '2023-02-20 00:00:00', 2375, '2023-02-26 15:45:57', '2023-02-26 15:45:57'),
(887, 'a764c7c5-d5b0-4a9e-82ab-31303552e229', 49, '2023-02-21 00:00:00', 2375, '2023-02-26 15:45:57', '2023-02-26 15:45:57'),
(888, 'a764c7c5-d5b0-4a9e-82ab-31303552e229', 49, '2023-02-22 00:00:00', 2375, '2023-02-26 15:45:57', '2023-02-26 15:45:57'),
(889, 'a764c7c5-d5b0-4a9e-82ab-31303552e229', 49, '2023-02-23 00:00:00', 2375, '2023-02-26 15:45:57', '2023-02-26 15:45:57'),
(890, 'a764c7c5-d5b0-4a9e-82ab-31303552e229', 49, '2023-02-24 00:00:00', 2375, '2023-02-26 15:45:57', '2023-02-26 15:45:57'),
(891, 'a764c7c5-d5b0-4a9e-82ab-31303552e229', 49, '2023-02-25 00:00:00', 2375, '2023-02-26 15:45:57', '2023-02-26 15:45:57'),
(892, 'a764c7c5-d5b0-4a9e-82ab-31303552e229', 49, '2023-02-26 00:00:00', 2375, '2023-02-26 15:45:57', '2023-02-26 15:45:57'),
(893, 'a764c7c5-d5b0-4a9e-82ab-31303552e229', 49, '2023-02-27 00:00:00', 2375, '2023-02-26 15:45:57', '2023-02-26 15:45:57'),
(894, 'a764c7c5-d5b0-4a9e-82ab-31303552e229', 49, '2023-02-28 00:00:00', 2375, '2023-02-26 15:45:57', '2023-02-26 15:45:57'),
(895, '9625c692-17b5-4bcd-b874-87ef223d1c02', 49, '2023-02-10 00:00:00', 2375, '2023-02-26 15:46:11', '2023-02-26 15:46:11'),
(896, '9625c692-17b5-4bcd-b874-87ef223d1c02', 49, '2023-02-11 00:00:00', 2375, '2023-02-26 15:46:11', '2023-02-26 15:46:11'),
(897, '9625c692-17b5-4bcd-b874-87ef223d1c02', 49, '2023-02-12 00:00:00', 2375, '2023-02-26 15:46:11', '2023-02-26 15:46:11'),
(898, '9625c692-17b5-4bcd-b874-87ef223d1c02', 49, '2023-02-13 00:00:00', 2375, '2023-02-26 15:46:11', '2023-02-26 15:46:11'),
(899, '9625c692-17b5-4bcd-b874-87ef223d1c02', 49, '2023-02-14 00:00:00', 2375, '2023-02-26 15:46:11', '2023-02-26 15:46:11'),
(900, '9625c692-17b5-4bcd-b874-87ef223d1c02', 49, '2023-02-15 00:00:00', 2375, '2023-02-26 15:46:11', '2023-02-26 15:46:11'),
(901, '9625c692-17b5-4bcd-b874-87ef223d1c02', 49, '2023-02-16 00:00:00', 2375, '2023-02-26 15:46:11', '2023-02-26 15:46:11'),
(902, '9625c692-17b5-4bcd-b874-87ef223d1c02', 49, '2023-02-17 00:00:00', 2375, '2023-02-26 15:46:11', '2023-02-26 15:46:11'),
(903, '9625c692-17b5-4bcd-b874-87ef223d1c02', 49, '2023-02-18 00:00:00', 2375, '2023-02-26 15:46:11', '2023-02-26 15:46:11'),
(904, '9625c692-17b5-4bcd-b874-87ef223d1c02', 49, '2023-02-19 00:00:00', 2375, '2023-02-26 15:46:11', '2023-02-26 15:46:11'),
(905, '9625c692-17b5-4bcd-b874-87ef223d1c02', 49, '2023-02-20 00:00:00', 2375, '2023-02-26 15:46:11', '2023-02-26 15:46:11'),
(906, '9625c692-17b5-4bcd-b874-87ef223d1c02', 49, '2023-02-21 00:00:00', 2375, '2023-02-26 15:46:11', '2023-02-26 15:46:11'),
(907, '9625c692-17b5-4bcd-b874-87ef223d1c02', 49, '2023-02-22 00:00:00', 2375, '2023-02-26 15:46:11', '2023-02-26 15:46:11'),
(908, '9625c692-17b5-4bcd-b874-87ef223d1c02', 49, '2023-02-23 00:00:00', 2375, '2023-02-26 15:46:11', '2023-02-26 15:46:11'),
(909, '9625c692-17b5-4bcd-b874-87ef223d1c02', 49, '2023-02-24 00:00:00', 2375, '2023-02-26 15:46:11', '2023-02-26 15:46:11'),
(910, '9625c692-17b5-4bcd-b874-87ef223d1c02', 49, '2023-02-25 00:00:00', 2375, '2023-02-26 15:46:11', '2023-02-26 15:46:11'),
(911, '9625c692-17b5-4bcd-b874-87ef223d1c02', 49, '2023-02-26 00:00:00', 2375, '2023-02-26 15:46:11', '2023-02-26 15:46:11'),
(912, '9625c692-17b5-4bcd-b874-87ef223d1c02', 49, '2023-02-27 00:00:00', 2375, '2023-02-26 15:46:11', '2023-02-26 15:46:11'),
(913, '9625c692-17b5-4bcd-b874-87ef223d1c02', 49, '2023-02-28 00:00:00', 2375, '2023-02-26 15:46:11', '2023-02-26 15:46:11'),
(921, '33f6b436-6b0a-49ed-b734-af310aec4efd', 83, '2023-02-22 00:00:00', 630, '2023-02-26 15:49:04', '2023-02-26 15:49:04'),
(922, '33f6b436-6b0a-49ed-b734-af310aec4efd', 83, '2023-02-23 00:00:00', 630, '2023-02-26 15:49:04', '2023-02-26 15:49:04'),
(923, '33f6b436-6b0a-49ed-b734-af310aec4efd', 83, '2023-02-24 00:00:00', 630, '2023-02-26 15:49:04', '2023-02-26 15:49:04'),
(924, '33f6b436-6b0a-49ed-b734-af310aec4efd', 83, '2023-02-25 00:00:00', 630, '2023-02-26 15:49:04', '2023-02-26 15:49:04'),
(925, '33f6b436-6b0a-49ed-b734-af310aec4efd', 83, '2023-02-26 00:00:00', 630, '2023-02-26 15:49:04', '2023-02-26 15:49:04'),
(926, '33f6b436-6b0a-49ed-b734-af310aec4efd', 83, '2023-02-27 00:00:00', 630, '2023-02-26 15:49:04', '2023-02-26 15:49:04'),
(927, '33f6b436-6b0a-49ed-b734-af310aec4efd', 83, '2023-02-28 00:00:00', 630, '2023-02-26 15:49:04', '2023-02-26 15:49:04'),
(982, '6f5506ac-6e49-4852-88f9-78076a3d0011', 93, '2023-02-15 00:00:00', 3200, '2023-02-26 16:02:50', '2023-02-26 16:02:50'),
(983, '6f5506ac-6e49-4852-88f9-78076a3d0011', 93, '2023-02-16 00:00:00', 3200, '2023-02-26 16:02:50', '2023-02-26 16:02:50'),
(984, '6f5506ac-6e49-4852-88f9-78076a3d0011', 93, '2023-02-17 00:00:00', 3200, '2023-02-26 16:02:50', '2023-02-26 16:02:50'),
(985, '6f5506ac-6e49-4852-88f9-78076a3d0011', 93, '2023-02-18 00:00:00', 3200, '2023-02-26 16:02:50', '2023-02-26 16:02:50'),
(986, '6f5506ac-6e49-4852-88f9-78076a3d0011', 93, '2023-02-19 00:00:00', 3200, '2023-02-26 16:02:50', '2023-02-26 16:02:50'),
(987, '6f5506ac-6e49-4852-88f9-78076a3d0011', 93, '2023-02-20 00:00:00', 3200, '2023-02-26 16:02:50', '2023-02-26 16:02:50'),
(988, '6f5506ac-6e49-4852-88f9-78076a3d0011', 93, '2023-02-21 00:00:00', 3200, '2023-02-26 16:02:50', '2023-02-26 16:02:50'),
(989, '6f5506ac-6e49-4852-88f9-78076a3d0011', 93, '2023-02-22 00:00:00', 3200, '2023-02-26 16:02:50', '2023-02-26 16:02:50'),
(990, '73b8e5d8-f04f-425f-88c1-45e56b692423', 52, '2023-02-15 00:00:00', 875, '2023-02-26 16:04:44', '2023-02-26 16:04:44'),
(991, '73b8e5d8-f04f-425f-88c1-45e56b692423', 52, '2023-02-16 00:00:00', 875, '2023-02-26 16:04:44', '2023-02-26 16:04:44'),
(992, '73b8e5d8-f04f-425f-88c1-45e56b692423', 52, '2023-02-17 00:00:00', 875, '2023-02-26 16:04:44', '2023-02-26 16:04:44'),
(993, '73b8e5d8-f04f-425f-88c1-45e56b692423', 52, '2023-02-18 00:00:00', 875, '2023-02-26 16:04:44', '2023-02-26 16:04:44'),
(994, '73b8e5d8-f04f-425f-88c1-45e56b692423', 52, '2023-02-19 00:00:00', 875, '2023-02-26 16:04:44', '2023-02-26 16:04:44'),
(995, '73b8e5d8-f04f-425f-88c1-45e56b692423', 52, '2023-02-20 00:00:00', 875, '2023-02-26 16:04:44', '2023-02-26 16:04:44'),
(996, '73b8e5d8-f04f-425f-88c1-45e56b692423', 52, '2023-02-21 00:00:00', 875, '2023-02-26 16:04:44', '2023-02-26 16:04:44'),
(997, '08d24750-5194-4b0b-a6dc-e4f16e69e471', 49, '2023-03-02 00:00:00', 750, '2023-02-26 16:06:37', '2023-02-26 16:06:37'),
(998, '08d24750-5194-4b0b-a6dc-e4f16e69e471', 51, '2023-03-02 00:00:00', 750, '2023-02-26 16:06:37', '2023-02-26 16:06:37'),
(999, '08d24750-5194-4b0b-a6dc-e4f16e69e471', 49, '2023-03-03 00:00:00', 750, '2023-02-26 16:06:37', '2023-02-26 16:06:37'),
(1000, '08d24750-5194-4b0b-a6dc-e4f16e69e471', 51, '2023-03-03 00:00:00', 750, '2023-02-26 16:06:37', '2023-02-26 16:06:37'),
(1001, '08d24750-5194-4b0b-a6dc-e4f16e69e471', 49, '2023-03-04 00:00:00', 750, '2023-02-26 16:06:37', '2023-02-26 16:06:37'),
(1002, '08d24750-5194-4b0b-a6dc-e4f16e69e471', 51, '2023-03-04 00:00:00', 750, '2023-02-26 16:06:37', '2023-02-26 16:06:37'),
(1003, '08d24750-5194-4b0b-a6dc-e4f16e69e471', 49, '2023-03-05 00:00:00', 750, '2023-02-26 16:06:37', '2023-02-26 16:06:37'),
(1004, '08d24750-5194-4b0b-a6dc-e4f16e69e471', 51, '2023-03-05 00:00:00', 750, '2023-02-26 16:06:37', '2023-02-26 16:06:37'),
(1005, '08d24750-5194-4b0b-a6dc-e4f16e69e471', 49, '2023-03-06 00:00:00', 750, '2023-02-26 16:06:37', '2023-02-26 16:06:37'),
(1006, '08d24750-5194-4b0b-a6dc-e4f16e69e471', 51, '2023-03-06 00:00:00', 750, '2023-02-26 16:06:37', '2023-02-26 16:06:37'),
(1007, '08d24750-5194-4b0b-a6dc-e4f16e69e471', 49, '2023-03-07 00:00:00', 750, '2023-02-26 16:06:37', '2023-02-26 16:06:37'),
(1008, '08d24750-5194-4b0b-a6dc-e4f16e69e471', 51, '2023-03-07 00:00:00', 750, '2023-02-26 16:06:37', '2023-02-26 16:06:37'),
(1009, '8b6cd74c-7db9-4682-91db-3a76a5b7fb33', 54, '2023-02-28 00:00:00', 250, '2023-02-26 16:07:13', '2023-02-26 16:07:13'),
(1010, '8b6cd74c-7db9-4682-91db-3a76a5b7fb33', 54, '2023-03-01 00:00:00', 250, '2023-02-26 16:07:13', '2023-02-26 16:07:13'),
(1019, '8b64fa02-e246-4ecd-86a3-eb2474588062', 61, '2023-02-18 00:00:00', 2700, '2023-02-27 03:04:50', '2023-02-27 03:04:50'),
(1020, '8b64fa02-e246-4ecd-86a3-eb2474588062', 61, '2023-02-19 00:00:00', 2700, '2023-02-27 03:04:50', '2023-02-27 03:04:50'),
(1021, '8b64fa02-e246-4ecd-86a3-eb2474588062', 61, '2023-02-20 00:00:00', 2700, '2023-02-27 03:04:50', '2023-02-27 03:04:50'),
(1022, '8b64fa02-e246-4ecd-86a3-eb2474588062', 61, '2023-02-21 00:00:00', 2700, '2023-02-27 03:04:50', '2023-02-27 03:04:50'),
(1023, '8b64fa02-e246-4ecd-86a3-eb2474588062', 61, '2023-02-22 00:00:00', 2700, '2023-02-27 03:04:50', '2023-02-27 03:04:50'),
(1024, '8b64fa02-e246-4ecd-86a3-eb2474588062', 61, '2023-02-23 00:00:00', 2700, '2023-02-27 03:04:50', '2023-02-27 03:04:50'),
(1025, '8b64fa02-e246-4ecd-86a3-eb2474588062', 61, '2023-02-24 00:00:00', 2700, '2023-02-27 03:04:50', '2023-02-27 03:04:50'),
(1026, '8b64fa02-e246-4ecd-86a3-eb2474588062', 61, '2023-02-25 00:00:00', 2700, '2023-02-27 03:04:50', '2023-02-27 03:04:50'),
(1027, '8b64fa02-e246-4ecd-86a3-eb2474588062', 61, '2023-02-26 00:00:00', 2700, '2023-02-27 03:04:50', '2023-02-27 03:04:50'),
(1028, 'e7d10ea3-d875-496d-a4e2-116e21fbb5bd', 60, '2023-03-17 00:00:00', 600, '2023-03-02 10:42:35', '2023-03-02 10:42:35'),
(1029, 'e7d10ea3-d875-496d-a4e2-116e21fbb5bd', 62, '2023-03-17 00:00:00', 600, '2023-03-02 10:42:35', '2023-03-02 10:42:35'),
(1030, 'e7d10ea3-d875-496d-a4e2-116e21fbb5bd', 60, '2023-03-18 00:00:00', 600, '2023-03-02 10:42:35', '2023-03-02 10:42:35'),
(1031, 'e7d10ea3-d875-496d-a4e2-116e21fbb5bd', 62, '2023-03-18 00:00:00', 600, '2023-03-02 10:42:35', '2023-03-02 10:42:35'),
(1035, 'f283cb5a-9e30-421f-99d4-ea1dc1e57610', 23, '2023-03-08 00:00:00', 500, '2023-03-03 09:01:21', '2023-03-03 09:01:21'),
(1036, 'f283cb5a-9e30-421f-99d4-ea1dc1e57610', 24, '2023-03-08 00:00:00', 500, '2023-03-03 09:01:21', '2023-03-03 09:01:21'),
(1037, 'f283cb5a-9e30-421f-99d4-ea1dc1e57610', 27, '2023-03-08 00:00:00', 500, '2023-03-03 09:01:21', '2023-03-03 09:01:21'),
(1038, 'f283cb5a-9e30-421f-99d4-ea1dc1e57610', 28, '2023-03-08 00:00:00', 500, '2023-03-03 09:01:21', '2023-03-03 09:01:21'),
(1039, 'f283cb5a-9e30-421f-99d4-ea1dc1e57610', 23, '2023-03-09 00:00:00', 500, '2023-03-03 09:01:21', '2023-03-03 09:01:21'),
(1040, 'f283cb5a-9e30-421f-99d4-ea1dc1e57610', 24, '2023-03-09 00:00:00', 500, '2023-03-03 09:01:21', '2023-03-03 09:01:21'),
(1041, 'f283cb5a-9e30-421f-99d4-ea1dc1e57610', 27, '2023-03-09 00:00:00', 500, '2023-03-03 09:01:21', '2023-03-03 09:01:21'),
(1042, 'f283cb5a-9e30-421f-99d4-ea1dc1e57610', 28, '2023-03-09 00:00:00', 500, '2023-03-03 09:01:21', '2023-03-03 09:01:21'),
(1043, 'f283cb5a-9e30-421f-99d4-ea1dc1e57610', 23, '2023-03-10 00:00:00', 500, '2023-03-03 09:01:21', '2023-03-03 09:01:21'),
(1044, 'f283cb5a-9e30-421f-99d4-ea1dc1e57610', 24, '2023-03-10 00:00:00', 500, '2023-03-03 09:01:21', '2023-03-03 09:01:21'),
(1045, 'f283cb5a-9e30-421f-99d4-ea1dc1e57610', 27, '2023-03-10 00:00:00', 500, '2023-03-03 09:01:21', '2023-03-03 09:01:21'),
(1046, 'f283cb5a-9e30-421f-99d4-ea1dc1e57610', 28, '2023-03-10 00:00:00', 500, '2023-03-03 09:01:21', '2023-03-03 09:01:21'),
(1047, 'f283cb5a-9e30-421f-99d4-ea1dc1e57610', 23, '2023-03-11 00:00:00', 500, '2023-03-03 09:01:21', '2023-03-03 09:01:21'),
(1048, 'f283cb5a-9e30-421f-99d4-ea1dc1e57610', 24, '2023-03-11 00:00:00', 500, '2023-03-03 09:01:21', '2023-03-03 09:01:21'),
(1049, 'f283cb5a-9e30-421f-99d4-ea1dc1e57610', 27, '2023-03-11 00:00:00', 500, '2023-03-03 09:01:21', '2023-03-03 09:01:21'),
(1050, 'f283cb5a-9e30-421f-99d4-ea1dc1e57610', 28, '2023-03-11 00:00:00', 500, '2023-03-03 09:01:21', '2023-03-03 09:01:21'),
(1051, 'f283cb5a-9e30-421f-99d4-ea1dc1e57610', 23, '2023-03-12 00:00:00', 500, '2023-03-03 09:01:21', '2023-03-03 09:01:21'),
(1052, 'f283cb5a-9e30-421f-99d4-ea1dc1e57610', 24, '2023-03-12 00:00:00', 500, '2023-03-03 09:01:21', '2023-03-03 09:01:21'),
(1053, 'f283cb5a-9e30-421f-99d4-ea1dc1e57610', 27, '2023-03-12 00:00:00', 500, '2023-03-03 09:01:21', '2023-03-03 09:01:21'),
(1054, 'f283cb5a-9e30-421f-99d4-ea1dc1e57610', 28, '2023-03-12 00:00:00', 500, '2023-03-03 09:01:21', '2023-03-03 09:01:21'),
(1055, 'bf44e6c0-e9fc-4167-a9f3-149dd3c5d955', 81, '2023-03-03 00:00:00', 270, '2023-03-03 14:59:06', '2023-03-03 14:59:06'),
(1056, 'bf44e6c0-e9fc-4167-a9f3-149dd3c5d955', 83, '2023-03-03 00:00:00', 270, '2023-03-03 14:59:06', '2023-03-03 14:59:06'),
(1057, 'bf44e6c0-e9fc-4167-a9f3-149dd3c5d955', 81, '2023-03-04 00:00:00', 270, '2023-03-03 14:59:06', '2023-03-03 14:59:06'),
(1058, 'bf44e6c0-e9fc-4167-a9f3-149dd3c5d955', 83, '2023-03-04 00:00:00', 270, '2023-03-03 14:59:06', '2023-03-03 14:59:06'),
(1059, 'bf44e6c0-e9fc-4167-a9f3-149dd3c5d955', 81, '2023-03-05 00:00:00', 270, '2023-03-03 14:59:06', '2023-03-03 14:59:06'),
(1060, 'bf44e6c0-e9fc-4167-a9f3-149dd3c5d955', 83, '2023-03-05 00:00:00', 270, '2023-03-03 14:59:06', '2023-03-03 14:59:06'),
(1121, 'a57696ab-ecff-458d-906b-1f74dc8ca0ab', 49, '2023-03-15 00:00:00', 125, '2023-03-04 10:49:43', '2023-03-04 10:49:43'),
(1122, 'a57696ab-ecff-458d-906b-1f74dc8ca0ab', 51, '2023-03-15 00:00:00', 125, '2023-03-04 10:49:43', '2023-03-04 10:49:43');

-- --------------------------------------------------------

--
-- Table structure for table `rooms`
--

CREATE TABLE `rooms` (
  `id` int(11) NOT NULL,
  `room_number` int(11) DEFAULT NULL,
  `id_room_type` int(11) DEFAULT NULL,
  `createdAt` datetime NOT NULL,
  `updatedAt` datetime NOT NULL
) ENGINE=InnoDB DEFAULT CHARSET=utf8mb4;

--
-- Dumping data for table `rooms`
--

INSERT INTO `rooms` (`id`, `room_number`, `id_room_type`, `createdAt`, `updatedAt`) VALUES
(1, 100, 1, '0000-00-00 00:00:00', '0000-00-00 00:00:00'),
(2, 101, 1, '0000-00-00 00:00:00', '0000-00-00 00:00:00'),
(3, 102, 1, '0000-00-00 00:00:00', '0000-00-00 00:00:00'),
(4, 103, 1, '0000-00-00 00:00:00', '0000-00-00 00:00:00'),
(5, 104, 1, '0000-00-00 00:00:00', '0000-00-00 00:00:00'),
(6, 105, 1, '0000-00-00 00:00:00', '0000-00-00 00:00:00'),
(7, 106, 1, '0000-00-00 00:00:00', '0000-00-00 00:00:00'),
(8, 107, 1, '0000-00-00 00:00:00', '0000-00-00 00:00:00'),
(9, 108, 1, '0000-00-00 00:00:00', '0000-00-00 00:00:00'),
(10, 109, 1, '0000-00-00 00:00:00', '0000-00-00 00:00:00'),
(11, 110, 1, '0000-00-00 00:00:00', '0000-00-00 00:00:00'),
(12, 111, 1, '0000-00-00 00:00:00', '0000-00-00 00:00:00'),
(13, 112, 1, '0000-00-00 00:00:00', '0000-00-00 00:00:00'),
(14, 113, 1, '0000-00-00 00:00:00', '0000-00-00 00:00:00'),
(15, 114, 1, '0000-00-00 00:00:00', '0000-00-00 00:00:00'),
(16, 115, 1, '0000-00-00 00:00:00', '0000-00-00 00:00:00'),
(17, 116, 1, '0000-00-00 00:00:00', '0000-00-00 00:00:00'),
(18, 117, 1, '0000-00-00 00:00:00', '0000-00-00 00:00:00'),
(19, 118, 1, '0000-00-00 00:00:00', '0000-00-00 00:00:00'),
(20, 119, 1, '0000-00-00 00:00:00', '0000-00-00 00:00:00'),
(21, 201, 2, '0000-00-00 00:00:00', '0000-00-00 00:00:00'),
(22, 202, 2, '0000-00-00 00:00:00', '0000-00-00 00:00:00'),
(23, 203, 2, '0000-00-00 00:00:00', '0000-00-00 00:00:00'),
(24, 204, 2, '0000-00-00 00:00:00', '0000-00-00 00:00:00'),
(25, 205, 2, '0000-00-00 00:00:00', '0000-00-00 00:00:00'),
(26, 206, 2, '0000-00-00 00:00:00', '0000-00-00 00:00:00'),
(27, 207, 2, '0000-00-00 00:00:00', '0000-00-00 00:00:00'),
(28, 208, 2, '0000-00-00 00:00:00', '0000-00-00 00:00:00'),
(29, 209, 2, '0000-00-00 00:00:00', '0000-00-00 00:00:00'),
(30, 210, 2, '0000-00-00 00:00:00', '0000-00-00 00:00:00'),
(31, 211, 2, '0000-00-00 00:00:00', '0000-00-00 00:00:00'),
(32, 212, 2, '0000-00-00 00:00:00', '0000-00-00 00:00:00'),
(33, 213, 2, '0000-00-00 00:00:00', '0000-00-00 00:00:00'),
(34, 214, 2, '0000-00-00 00:00:00', '0000-00-00 00:00:00'),
(35, 301, 3, '0000-00-00 00:00:00', '0000-00-00 00:00:00'),
(36, 302, 3, '0000-00-00 00:00:00', '0000-00-00 00:00:00'),
(37, 303, 3, '0000-00-00 00:00:00', '0000-00-00 00:00:00'),
(38, 304, 3, '0000-00-00 00:00:00', '0000-00-00 00:00:00'),
(39, 305, 3, '0000-00-00 00:00:00', '0000-00-00 00:00:00'),
(40, 306, 3, '0000-00-00 00:00:00', '0000-00-00 00:00:00'),
(41, 307, 3, '0000-00-00 00:00:00', '0000-00-00 00:00:00'),
(42, 308, 3, '0000-00-00 00:00:00', '0000-00-00 00:00:00'),
(43, 309, 3, '0000-00-00 00:00:00', '0000-00-00 00:00:00'),
(44, 310, 3, '0000-00-00 00:00:00', '0000-00-00 00:00:00'),
(45, 311, 3, '0000-00-00 00:00:00', '0000-00-00 00:00:00'),
(46, 312, 3, '0000-00-00 00:00:00', '0000-00-00 00:00:00'),
(47, 401, 4, '0000-00-00 00:00:00', '0000-00-00 00:00:00'),
(48, 402, 4, '0000-00-00 00:00:00', '0000-00-00 00:00:00'),
(49, 403, 4, '0000-00-00 00:00:00', '0000-00-00 00:00:00'),
(50, 404, 4, '0000-00-00 00:00:00', '0000-00-00 00:00:00'),
(51, 405, 4, '0000-00-00 00:00:00', '0000-00-00 00:00:00'),
(52, 406, 4, '0000-00-00 00:00:00', '0000-00-00 00:00:00'),
(53, 407, 4, '0000-00-00 00:00:00', '0000-00-00 00:00:00'),
(54, 408, 4, '0000-00-00 00:00:00', '0000-00-00 00:00:00'),
(55, 501, 5, '0000-00-00 00:00:00', '0000-00-00 00:00:00'),
(56, 502, 5, '0000-00-00 00:00:00', '0000-00-00 00:00:00'),
(57, 503, 5, '0000-00-00 00:00:00', '0000-00-00 00:00:00'),
(58, 504, 5, '0000-00-00 00:00:00', '0000-00-00 00:00:00'),
(59, 505, 5, '0000-00-00 00:00:00', '0000-00-00 00:00:00'),
(60, 506, 5, '0000-00-00 00:00:00', '0000-00-00 00:00:00'),
(61, 507, 5, '0000-00-00 00:00:00', '0000-00-00 00:00:00'),
(62, 508, 5, '0000-00-00 00:00:00', '0000-00-00 00:00:00'),
(63, 509, 5, '0000-00-00 00:00:00', '0000-00-00 00:00:00'),
(64, 510, 5, '0000-00-00 00:00:00', '0000-00-00 00:00:00'),
(65, 601, 6, '0000-00-00 00:00:00', '0000-00-00 00:00:00'),
(66, 602, 6, '0000-00-00 00:00:00', '0000-00-00 00:00:00'),
(67, 603, 6, '0000-00-00 00:00:00', '0000-00-00 00:00:00'),
(68, 604, 6, '0000-00-00 00:00:00', '0000-00-00 00:00:00'),
(69, 605, 6, '0000-00-00 00:00:00', '0000-00-00 00:00:00'),
(70, 606, 6, '0000-00-00 00:00:00', '0000-00-00 00:00:00'),
(71, 607, 6, '0000-00-00 00:00:00', '0000-00-00 00:00:00'),
(72, 608, 6, '0000-00-00 00:00:00', '0000-00-00 00:00:00'),
(73, 609, 6, '0000-00-00 00:00:00', '0000-00-00 00:00:00'),
(74, 610, 6, '0000-00-00 00:00:00', '0000-00-00 00:00:00'),
(75, 611, 6, '0000-00-00 00:00:00', '0000-00-00 00:00:00'),
(76, 612, 6, '0000-00-00 00:00:00', '0000-00-00 00:00:00'),
(77, 613, 6, '0000-00-00 00:00:00', '0000-00-00 00:00:00'),
(78, 614, 6, '0000-00-00 00:00:00', '0000-00-00 00:00:00'),
(79, 615, 6, '0000-00-00 00:00:00', '0000-00-00 00:00:00'),
(80, 616, 6, '0000-00-00 00:00:00', '0000-00-00 00:00:00'),
(81, 701, 7, '0000-00-00 00:00:00', '0000-00-00 00:00:00'),
(82, 702, 7, '0000-00-00 00:00:00', '0000-00-00 00:00:00'),
(83, 703, 7, '0000-00-00 00:00:00', '0000-00-00 00:00:00'),
(84, 704, 7, '0000-00-00 00:00:00', '0000-00-00 00:00:00'),
(85, 705, 7, '0000-00-00 00:00:00', '0000-00-00 00:00:00'),
(86, 706, 7, '0000-00-00 00:00:00', '0000-00-00 00:00:00'),
(87, 707, 7, '0000-00-00 00:00:00', '0000-00-00 00:00:00'),
(88, 801, 8, '0000-00-00 00:00:00', '0000-00-00 00:00:00'),
(89, 802, 8, '0000-00-00 00:00:00', '0000-00-00 00:00:00'),
(90, 803, 8, '0000-00-00 00:00:00', '0000-00-00 00:00:00'),
(91, 804, 8, '0000-00-00 00:00:00', '0000-00-00 00:00:00'),
(92, 901, 9, '0000-00-00 00:00:00', '0000-00-00 00:00:00'),
(93, 902, 9, '0000-00-00 00:00:00', '0000-00-00 00:00:00');

-- --------------------------------------------------------

--
-- Table structure for table `room_types`
--

CREATE TABLE `room_types` (
  `id` int(11) NOT NULL,
  `room_type_name` varchar(255) NOT NULL,
  `price` int(11) NOT NULL,
  `description` text NOT NULL,
  `photo` varchar(255) NOT NULL,
  `facilities` varchar(255) DEFAULT NULL,
  `createdAt` datetime NOT NULL,
  `updatedAt` datetime NOT NULL
) ENGINE=InnoDB DEFAULT CHARSET=utf8mb4;

--
-- Dumping data for table `room_types`
--

INSERT INTO `room_types` (`id`, `room_type_name`, `price`, `description`, `photo`, `facilities`, `createdAt`, `updatedAt`) VALUES
(1, 'Standard Room', 75, 'A basic room with comfortable bed and amenities. Enjoy a cozy and comfortable stay in our Standard Room, featuring a plush queen-sized bed, modern amenities, and a sleek bathroom. ', 'standard_room.jpg', 'TV,Air conditioning,Refrigerator,Wi-Fi,Balcony', '0000-00-00 00:00:00', '0000-00-00 00:00:00'),
(2, 'Deluxe Room', 100, 'Elevate your stay in our Deluxe Room, which includes all the amenities of our Standard Room, plus additional luxuries such as a king-sized bed, premium toiletries, and a mini fridge stocked with snacks and refreshments.', 'deluxe_room.jpg', 'TV,Air conditioning,Refrigerator,Wi-Fi,Balcony,Garden View', '0000-00-00 00:00:00', '0000-00-00 00:00:00'),
(3, 'Suite Room', 150, 'Indulge in the spacious and upgraded amenities of our Suite Room, which features a separate living area with a flat-screen TV, a king-sized bed, a large bathroom with a luxurious bathtub, and stunning views of the city', 'suite_room.jpg', 'TV,Air conditioning,Refrigerator,Wi-Fi,Balcony,City view,Breakfast', '0000-00-00 00:00:00', '0000-00-00 00:00:00'),
(4, 'Executive Room', 125, 'Our Executive Room is designed to cater to the needs of business travelers, with features such as an ergonomic workspace, high-speed Wi-Fi, a king-sized bed with luxury linens, and a Nespresso machine for your morning coffee fix.', 'executive_room.jpg', 'TV,Air conditioning,Refrigerator,Wi-Fi,Balcony,City view,Breakfast,Bathrobe & Slippers', '0000-00-00 00:00:00', '0000-00-00 00:00:00'),
(5, 'Presidential Suite', 300, 'The epitome of luxury and exclusivity, our Presidential Suite features a grand living area, a master bedroom with a king-sized bed, a private balcony with breathtaking views of the city, and a personal butler to cater to your every need.', 'presidential_suite.jpg', 'TV,Air conditioning,Refrigerator,Wi-Fi,Balcony,City view,Breakfast,Bathrobe & Slippers,Twin Bed', '0000-00-00 00:00:00', '0000-00-00 00:00:00'),
(6, 'Family Room', 150, 'A room designed for families with added space and amenities for families. Our spacious and family-friendly room features two queen-sized beds, a mini-fridge, a microwave, and a flat-screen TV with premium channels', 'family_room.jpg', 'WiFi,TV,Air conditioning,Private bathroom,Balcony,Family Sofa,Desk,Baby bathub', '0000-00-00 00:00:00', '0000-00-00 00:00:00'),
(7, 'Studio Room', 90, 'A room with a compact living area and kitchenette. Our Studio Room is perfect for longer stays and guests who desire added space and functionality. In addition to a cozy living area and kitchenette, the room features a queen-sized bed and an ergonomic workspace.', 'studio_room.jpg', 'Kitchenette,Wi-Fi,Washing machine,Dryer,Ironing board,Work desk,Sitting area,Soundproofing,Black-out curtains', '0000-00-00 00:00:00', '0000-00-00 00:00:00'),
(8, 'VIP Room', 200, 'A room with VIP level amenities and services. Treat yourself to the ultimate in luxury and personalized service with our VIP Room, featuring high-end amenities such as a king-sized bed with luxury linens, a personal butler, and exclusive access to our VIP lounge', 'vip_room.jpg', 'Large-size bed,Wi-Fi,Air Conditioner,Balcony,Pool,Mini bar,24/7 room service,Bathrobe,Slippers', '0000-00-00 00:00:00', '0000-00-00 00:00:00'),
(9, 'Venue Room', 400, 'A venue room is a space designed for events, meetings, and gatherings. It offers a flexible and convenient solution for businesses and individuals who require a professional environment for their events. The venue room features modern furnishings and state-of-the-art technology.', 'venue_room.png', 'Audiovisual equipment,Stage lighting,Projector,Sound system,Podium,Microphones,Wi-Fi', '0000-00-00 00:00:00', '0000-00-00 00:00:00'),
(10, '', 0, '', 'sig.jpeg', NULL, '2023-02-21 17:48:37', '2023-02-21 17:48:37');

-- --------------------------------------------------------

--
-- Table structure for table `sequelizemeta`
--

CREATE TABLE `sequelizemeta` (
  `name` varchar(255) COLLATE utf8_unicode_ci NOT NULL
) ENGINE=InnoDB DEFAULT CHARSET=utf8 COLLATE=utf8_unicode_ci;

--
-- Dumping data for table `sequelizemeta`
--

INSERT INTO `sequelizemeta` (`name`) VALUES
('20230118033414-create-user.js'),
('20230118033415-create-room-type.js'),
('20230118033416-create-room.js'),
('20230118033418-create-order.js'),
('20230118033420-create-order-details.js'),
('20230216054906-add_facilities_to_room_types.js'),
('20230303173108-create-token.js');

-- --------------------------------------------------------

--
-- Table structure for table `tokens`
--

CREATE TABLE `tokens` (
  `id` int(11) NOT NULL,
  `value` varchar(255) DEFAULT NULL,
  `userId` varchar(255) DEFAULT NULL,
  `expiresAt` datetime DEFAULT NULL,
  `createdAt` datetime NOT NULL,
  `updatedAt` datetime NOT NULL
) ENGINE=InnoDB DEFAULT CHARSET=utf8mb4;

--
-- Dumping data for table `tokens`
--

INSERT INTO `tokens` (`id`, `value`, `userId`, `expiresAt`, `createdAt`, `updatedAt`) VALUES
(1, NULL, '@ILN9LA', NULL, '2023-03-03 17:49:34', '2023-03-03 17:49:34'),
(2, 'eyJhbGciOiJIUzI1NiIsInR5cCI6IkpXVCJ9.eyJpZCI6IkBJTE45TEEiLCJpYXQiOjE2Nzc4NjU5MzIsImV4cCI6MTY3Nzg3MzEzMn0.kCEgLCLjZSwQ1-49QFsQyEH2GzqCvGkSxqhUAzn7ztE', '@ILN9LA', NULL, '2023-03-03 17:52:12', '2023-03-03 17:52:12'),
(3, 'eyJhbGciOiJIUzI1NiIsInR5cCI6IkpXVCJ9.eyJpZCI6IkBJTE45TEEiLCJpYXQiOjE2Nzc4NjU5NzIsImV4cCI6MTY3Nzg3MzE3Mn0.9rtkloCDDbiLMGiq0jgq_HaSQFWDyVGbCSVD7-8Zgb0', '@ILN9LA', NULL, '2023-03-03 17:52:52', '2023-03-03 17:52:52'),
(4, 'eyJhbGciOiJIUzI1NiIsInR5cCI6IkpXVCJ9.eyJpZCI6IkBJTE45TEEiLCJpYXQiOjE2Nzc4NjYwNjYsImV4cCI6MTY3Nzg3MzI2Nn0.qRvOYHy8N0qea_yAfUgqNQZCAruPyHfwNjHxqYg9PKo', '@ILN9LA', NULL, '2023-03-03 17:54:26', '2023-03-03 17:54:26'),
(5, 'eyJhbGciOiJIUzI1NiIsInR5cCI6IkpXVCJ9.eyJpZCI6IkAzRUtENkUiLCJpYXQiOjE2Nzc5NjgzMjgsImV4cCI6MTY3Nzk3NTUyOH0.ZsDZBR04g71vMs0f55MbPraCodg-Bfn2Zc3mC3IQS3I', '@3EKD6E', NULL, '2023-03-04 22:18:48', '2023-03-04 22:18:48');

-- --------------------------------------------------------

--
-- Table structure for table `users`
--

CREATE TABLE `users` (
  `id` varchar(255) NOT NULL,
  `name` varchar(255) NOT NULL,
  `photo` varchar(255) NOT NULL,
  `email` varchar(255) NOT NULL,
  `password` varchar(255) NOT NULL,
  `role` enum('ADMIN','RECEPTIONIST') NOT NULL,
  `createdAt` datetime NOT NULL,
  `updatedAt` datetime NOT NULL
) ENGINE=InnoDB DEFAULT CHARSET=utf8mb4;

--
-- Dumping data for table `users`
--

INSERT INTO `users` (`id`, `name`, `photo`, `email`, `password`, `role`, `createdAt`, `updatedAt`) VALUES
('@31Z2XR', 'Mary Taylor', 'koree (1).jpg', 'marytaylor@example.com', '$2b$10$SU5zZVt3m4xY5MzW9qJdeO9nUkuoaJUYaDPm0FVE8fufR0kRFVhSe', 'RECEPTIONIST', '2023-02-21 18:08:13', '2023-02-21 18:08:13'),
('@3EKD6E', 'Admin', 'g.JPG', 'admin@gmail.com', '$2b$10$9Lt6DS2/ZzDu2XYL4oIgv.g9GQgTbRdgDeBDeHSKxQdFNEwSCrkX6', 'ADMIN', '2023-01-20 12:13:42', '2023-01-20 12:13:42'),
('@3V2KU8', 'David Lee', 'koree (3).jpg', 'davidlee@example.com', '$2b$10$udF6A7gO36DKHJRGoCFssusZ2Lb8FPEOTYOTcVwKjffFXL0dhofge', 'RECEPTIONIST', '2023-02-21 17:52:54', '2023-02-21 17:52:54'),
('@7WFSJ0', 'Kevin Adams', 'koree (6).jpg', 'kevinadams@example.com', '$2b$10$EyG6gBLHcmSK480lTD1QgO.YaJu.dbsJJpoI.YFsC/7v8XrgEukCy', 'RECEPTIONIST', '2023-02-21 18:07:43', '2023-02-21 18:07:43'),
('@87UZQN', 'Alice Johnson', 'koree (2).png', 'alicejohnson@example.com', '$2b$10$wBrG9g1YgO2pkFi8j/HxrO5XuGL9DEdZ8m5Nexl0vbEZtxtvy36U2', 'RECEPTIONIST', '2023-02-21 17:51:54', '2023-02-21 17:51:54'),
('@B7XWYM', 'Jane Doe', 'koree (1).png', 'janedoe@example.com', '$2b$10$HVCNVUfQkSx/GyRxY/9ZuuzGUpL4bSY1ndtkdS398R08z7tbHsnK6', 'RECEPTIONIST', '2023-02-21 17:50:58', '2023-02-21 17:50:58'),
('@BOQ4M7', 'Emma Davis', 'koree (4).jpg', 'emmadavis@example.com', '$2b$10$Z8p59Lsc1l6for9HwzFbUelr3MRW0Xvw.Grcjte4EHYInuawgBo7S', 'RECEPTIONIST', '2023-02-21 17:53:15', '2023-02-21 17:53:15'),
('@ILN9LA', 'Mike Clark', 'koree (4).jpg', 'mikeclark@example.com', '$2b$10$bX6FCV29u/UD8dJMpIyaMu17UVsxJZkq27e/xeoqR3n1xNElHUwbS', 'RECEPTIONIST', '2023-02-21 18:08:30', '2023-02-21 18:08:30'),
('@MYDWJ', 'edited428824', 'Slanda.png', 'edited@2jbekf', '$2b$10$Zm6S6U3m02e0B13Np4a2UOmJ5iWYe4aTj75MDmIIxX0mRf1.z7lZu', 'RECEPTIONIST', '2023-01-20 07:27:41', '2023-01-20 13:27:52'),
('@V23C5', 'Indrax', '14_04_2022 04_40_12 - Copy.png', 'indra@gmail.com', '$2b$10$xxpbKXcZzJYq5QyECjMG1.3/sdDPGnlrhvU15vTdOnY2sS7V9zy/S', 'RECEPTIONIST', '2023-01-20 07:51:21', '2023-01-20 07:51:21'),
('@V7W6ZG', 'John Doe', 'koree (1).jpg', 'johndoe@example.com', '$2b$10$x6lHnCnmTk8H6HCqlxgwOeyhuHsvhhnQPkpMGHyFGwdHs04dX23Hm', 'RECEPTIONIST', '2023-02-21 17:50:10', '2023-02-21 17:50:10'),
('@XBJ1OF', 'Bob Smith', 'koree (2).jpg', 'bobsmith@example.com', '$2b$10$IrNDlBOZk0AksCG71nxlEOBT0cgdaxqlKQ94c4fsa1gJrHNDBzTAi', 'RECEPTIONIST', '2023-02-21 17:51:33', '2023-02-21 17:51:33'),
('@XH6KRK', 'James Brown', 'koree (5).jpg', 'jamesbrown@example.com', '$2b$10$fqcdUT8Xp3pBsdUr8QLfYuBqjM9Ri7cHdtlVM3fSK4Mmfxp.pYumu', 'RECEPTIONIST', '2023-02-21 17:53:44', '2023-02-21 17:53:44'),
('@YKQEIG', 'Radsandksa', 'WQGU7631.JPG', 'dasdsa@gmail.com', '$2b$10$rD0FZgtR9aLFNsTiFEwNmOb5mmrxmRqAokdyGR03LeznLGZ.r2s/O', 'RECEPTIONIST', '2023-03-03 10:25:52', '2023-03-03 10:25:52'),
('@ZCJDMF', 'Linda Wilson', 'koree (6).jpg', 'lindawilson@example.com', '$2b$10$lUkPeQhMAFY2jCyyr9bhcOhQiXHiEocb3ZOZt6DY1cHHls/iGy1su', 'RECEPTIONIST', '2023-02-21 17:54:21', '2023-02-21 17:54:21');

--
-- Indexes for dumped tables
--

--
-- Indexes for table `orders`
--
ALTER TABLE `orders`
  ADD PRIMARY KEY (`id`),
  ADD UNIQUE KEY `order_number` (`order_number`),
  ADD KEY `id_room_type` (`id_room_type`),
  ADD KEY `id_user` (`id_user`);

--
-- Indexes for table `order_details`
--
ALTER TABLE `order_details`
  ADD PRIMARY KEY (`id`),
  ADD KEY `id_order` (`id_order`),
  ADD KEY `id_room` (`id_room`);

--
-- Indexes for table `rooms`
--
ALTER TABLE `rooms`
  ADD PRIMARY KEY (`id`),
  ADD KEY `id_room_type` (`id_room_type`);

--
-- Indexes for table `room_types`
--
ALTER TABLE `room_types`
  ADD PRIMARY KEY (`id`);

--
-- Indexes for table `sequelizemeta`
--
ALTER TABLE `sequelizemeta`
  ADD PRIMARY KEY (`name`),
  ADD UNIQUE KEY `name` (`name`);

--
-- Indexes for table `tokens`
--
ALTER TABLE `tokens`
  ADD PRIMARY KEY (`id`),
  ADD KEY `userId` (`userId`);

--
-- Indexes for table `users`
--
ALTER TABLE `users`
  ADD PRIMARY KEY (`id`),
  ADD UNIQUE KEY `email` (`email`);

--
-- AUTO_INCREMENT for dumped tables
--

--
-- AUTO_INCREMENT for table `order_details`
--
ALTER TABLE `order_details`
  MODIFY `id` int(11) NOT NULL AUTO_INCREMENT, AUTO_INCREMENT=1129;

--
-- AUTO_INCREMENT for table `rooms`
--
ALTER TABLE `rooms`
  MODIFY `id` int(11) NOT NULL AUTO_INCREMENT, AUTO_INCREMENT=94;

--
-- AUTO_INCREMENT for table `room_types`
--
ALTER TABLE `room_types`
  MODIFY `id` int(11) NOT NULL AUTO_INCREMENT, AUTO_INCREMENT=11;

--
-- AUTO_INCREMENT for table `tokens`
--
ALTER TABLE `tokens`
  MODIFY `id` int(11) NOT NULL AUTO_INCREMENT, AUTO_INCREMENT=6;

--
-- Constraints for dumped tables
--

--
-- Constraints for table `orders`
--
ALTER TABLE `orders`
  ADD CONSTRAINT `orders_ibfk_1` FOREIGN KEY (`id_room_type`) REFERENCES `room_types` (`id`),
  ADD CONSTRAINT `orders_ibfk_2` FOREIGN KEY (`id_user`) REFERENCES `users` (`id`);

--
-- Constraints for table `order_details`
--
ALTER TABLE `order_details`
  ADD CONSTRAINT `order_details_ibfk_1` FOREIGN KEY (`id_order`) REFERENCES `orders` (`id`),
  ADD CONSTRAINT `order_details_ibfk_2` FOREIGN KEY (`id_room`) REFERENCES `rooms` (`id`);

--
-- Constraints for table `rooms`
--
ALTER TABLE `rooms`
  ADD CONSTRAINT `rooms_ibfk_1` FOREIGN KEY (`id_room_type`) REFERENCES `room_types` (`id`);

--
-- Constraints for table `tokens`
--
ALTER TABLE `tokens`
  ADD CONSTRAINT `tokens_ibfk_1` FOREIGN KEY (`userId`) REFERENCES `users` (`id`);
COMMIT;

/*!40101 SET CHARACTER_SET_CLIENT=@OLD_CHARACTER_SET_CLIENT */;
/*!40101 SET CHARACTER_SET_RESULTS=@OLD_CHARACTER_SET_RESULTS */;
/*!40101 SET COLLATION_CONNECTION=@OLD_COLLATION_CONNECTION */;
